[
  {
    "rootID": "20241223214532-juwvws5",
    "icon": "",
    "title": "文件操作"
  },
  {
    "rootID": "20241105121853-rd313eb",
    "icon": "",
    "title": "库函数"
  },
  {
    "rootID": "20241017195929-6w9qspf",
    "icon": "",
    "title": "函数"
  },
  {
    "rootID": "20241009113242-gvd88jc",
    "icon": "",
    "title": "稀碎小知识"
  },
  {
    "rootID": "20241111191337-64g6czi",
    "icon": "",
    "title": "结构体"
  },
  {
    "rootID": "20241028185019-ut0c0uu",
    "icon": "",
    "title": "操作符"
  },
  {
    "rootID": "20241112190600-7n136rr",
    "icon": "",
    "title": "操作符使用错误"
  },
  {
    "rootID": "20241210110737-ktyug6w",
    "icon": "",
    "title": "字符函数和字符串函数"
  },
  {
    "rootID": "20240927193011-79fcgit",
    "icon": "",
    "title": "scanf()函数"
  },
  {
    "rootID": "20241008181733-zvtaar9",
    "icon": "",
    "title": "分支和循环"
  },
  {
    "rootID": "20241222100133-o9k295u",
    "icon": "",
    "title": "动态内存管理"
  },
  {
    "rootID": "20241219130934-2e3k18q",
    "icon": "",
    "title": "自定义类型"
  },
  {
    "rootID": "20241126082821-bhli0cg",
    "icon": "",
    "title": "进阶指针"
  },
  {
    "rootID": "20241119190840-9827zif",
    "icon": "",
    "title": "数据的储存"
  },
  {
    "rootID": "20241112200613-vxt2irp",
    "icon": "",
    "title": "实用调试技巧"
  },
  {
    "rootID": "20241023115812-6la8nsm",
    "icon": "",
    "title": "数组"
  },
  {
    "rootID": "20241016182359-zng92ng",
    "icon": "",
    "title": "关键字"
  },
  {
    "rootID": "20241015145742-drnxewy",
    "icon": "",
    "title": "初阶指针"
  },
  {
    "rootID": "20241224094736-29uxpdf",
    "icon": "",
    "title": "读取含有空格和换行符的字符串"
  },
  {
    "rootID": "20241107193146-3v17kyk",
    "icon": "",
    "title": "字母大小写转换"
  },
  {
    "rootID": "20240927204444-9o0jk5m",
    "icon": "",
    "title": "Markdown随便操作"
  },
  {
    "rootID": "20241010223028-g3d8ixy",
    "icon": "",
    "title": "打印图形"
  },
  {
    "rootID": "20241118203759-yy2su9l",
    "icon": "",
    "title": "最小公倍数 最大公约数"
  },
  {
    "rootID": "20241022194428-2mqkpus",
    "icon": "",
    "title": "接受一个整型值（无符号），按照顺序打印它的每一位"
  },
  {
    "rootID": "20241218214051-ffz24rx",
    "icon": "",
    "title": "字符左旋"
  },
  {
    "rootID": "20241014191827-y6w3g6c",
    "icon": "",
    "title": "阶乘"
  },
  {
    "rootID": "20241217123143-3zg11st",
    "icon": "",
    "title": "插入排序"
  },
  {
    "rootID": "20241024191145-decpkzf",
    "icon": "",
    "title": "冒泡排序"
  },
  {
    "rootID": "20241209222423-gqcyy39",
    "icon": "",
    "title": "指针笔试题"
  },
  {
    "rootID": "20241016195923-fct9yed",
    "icon": "",
    "title": "清理缓冲区"
  },
  {
    "rootID": "20241204155109-ndeheb7",
    "icon": "",
    "title": "命令"
  },
  {
    "rootID": "20241114183404-3mchwrr",
    "icon": "",
    "title": "字符逆序打印"
  }
]