[
  {
    "rootID": "20241217123143-3zg11st",
    "icon": "",
    "title": "插入排序"
  },
  {
    "rootID": "20241105121853-rd313eb",
    "icon": "",
    "title": "库函数"
  },
  {
    "rootID": "20241024191145-decpkzf",
    "icon": "",
    "title": "冒泡排序"
  },
  {
    "rootID": "20241210110737-ktyug6w",
    "icon": "",
    "title": "字符函数和字符串函数"
  },
  {
    "rootID": "20240927193011-79fcgit",
    "icon": "",
    "title": "scanf()函数"
  },
  {
    "rootID": "20241023115812-6la8nsm",
    "icon": "",
    "title": "数组"
  },
  {
    "rootID": "20241126082821-bhli0cg",
    "icon": "",
    "title": "进阶指针"
  },
  {
    "rootID": "20241015145742-drnxewy",
    "icon": "",
    "title": "初阶指针"
  },
  {
    "rootID": "20241016182359-zng92ng",
    "icon": "",
    "title": "关键字"
  },
  {
    "rootID": "20241028185019-ut0c0uu",
    "icon": "",
    "title": "操作符"
  },
  {
    "rootID": "20241009113242-gvd88jc",
    "icon": "",
    "title": "稀碎小知识"
  },
  {
    "rootID": "20241209222423-gqcyy39",
    "icon": "",
    "title": "指针笔试题"
  },
  {
    "rootID": "20241119190840-9827zif",
    "icon": "",
    "title": "数据的储存"
  },
  {
    "rootID": "20241111191337-64g6czi",
    "icon": "",
    "title": "结构体"
  },
  {
    "rootID": "20241112200613-vxt2irp",
    "icon": "",
    "title": "实用调试技巧"
  },
  {
    "rootID": "20241016195923-fct9yed",
    "icon": "",
    "title": "清理缓冲区"
  },
  {
    "rootID": "20241014191827-y6w3g6c",
    "icon": "",
    "title": "阶乘"
  },
  {
    "rootID": "20241010223028-g3d8ixy",
    "icon": "",
    "title": "打印图形"
  },
  {
    "rootID": "20241008181733-zvtaar9",
    "icon": "",
    "title": "分支和循环"
  },
  {
    "rootID": "20241204155109-ndeheb7",
    "icon": "",
    "title": "命令"
  },
  {
    "rootID": "20241017195929-6w9qspf",
    "icon": "",
    "title": "函数"
  },
  {
    "rootID": "20241114183404-3mchwrr",
    "icon": "",
    "title": "字符逆序打印"
  },
  {
    "rootID": "20241022194428-2mqkpus",
    "icon": "",
    "title": "接受一个整型值（无符号），按照顺序打印它的每一位"
  },
  {
    "rootID": "20241029105616-fw1avem",
    "icon": "",
    "title": "二进制"
  },
  {
    "rootID": "20241112100443-wp5gmp5",
    "icon": "",
    "title": "斐波那契数列"
  },
  {
    "rootID": "20241118203759-yy2su9l",
    "icon": "",
    "title": "最小公倍数 最大公约数"
  },
  {
    "rootID": "20241016200447-o5oj15s",
    "icon": "",
    "title": "二分查找"
  },
  {
    "rootID": "20241021182642-12g1dfs",
    "icon": "",
    "title": "一个交换参数的函数（传址调用）"
  },
  {
    "rootID": "20241107083144-731zac4",
    "icon": "",
    "title": "走台阶"
  },
  {
    "rootID": "20241105170411-oon4hq5",
    "icon": "",
    "title": "水仙花数变种问"
  },
  {
    "rootID": "20241112190600-7n136rr",
    "icon": "",
    "title": "操作符使用错误"
  },
  {
    "rootID": "20241017164755-zy87ju9",
    "icon": "",
    "title": "编写代码，演示多个字符从两端移动，向中间汇聚"
  }
]