{
  "local-bazaar": {
    "icon": "0",
    "plugin": "2",
    "template": "0",
    "theme": "0",
    "widget": "0"
  },
  "local-codelang": "c",
  "local-dialogposition": {
    "dialog-emojis": {
      "height": 508,
      "left": 72,
      "top": 94,
      "width": 360
    },
    "dialog-globalsearch": {
      "height": 916,
      "left": 139,
      "top": 98,
      "width": 1365
    }
  },
  "local-fileposition": {
    "20200812220555-lj3enxa": {
      "endId": "20240508001403-j8ceveg",
      "focusEnd": 0,
      "focusId": "20201225220955-f8lsff2",
      "focusStart": 0,
      "rootId": "20200812220555-lj3enxa",
      "scrollTop": 849,
      "startId": "20210528115012-vst5lwt"
    },
    "20240927193011-79fcgit": {
      "endId": "20241016184340-n6lfy9s",
      "focusEnd": 201,
      "focusId": "20241127143501-0zwwso2",
      "focusStart": 201,
      "rootId": "20240927193011-79fcgit",
      "scrollTop": 903,
      "startId": "20240927202933-s9mrgjd"
    },
    "20240927204444-9o0jk5m": {
      "endId": "20240927205146-m6zmam1",
      "focusEnd": 0,
      "focusId": "20240927204444-i7ues4i",
      "focusStart": 0,
      "rootId": "20240927204444-9o0jk5m",
      "scrollTop": 114,
      "startId": "20240927205257-yj0l4tr"
    },
    "20241008181733-zvtaar9": {
      "endId": "20241027160348-y9p1iwu",
      "focusEnd": 0,
      "focusId": "20241016192941-5vbsnmq",
      "focusStart": 0,
      "rootId": "20241008181733-zvtaar9",
      "scrollTop": 7164.66650390625,
      "startId": "20241008181733-edw841y"
    },
    "20241009113242-gvd88jc": {
      "endId": "20241118192730-774o57b",
      "rootId": "20241009113242-gvd88jc",
      "scrollTop": 210,
      "startId": "20241009113242-h6fv8bw"
    },
    "20241010223028-g3d8ixy": {
      "endId": "20241114203728-1wugwqz",
      "focusEnd": 531,
      "focusId": "20241114203723-2gvrm3x",
      "focusStart": 531,
      "rootId": "20241010223028-g3d8ixy",
      "scrollTop": 9828,
      "startId": "20241112193338-n3d8ed8"
    },
    "20241014191827-y6w3g6c": {
      "endId": "20241016190345-97k6sci",
      "rootId": "20241014191827-y6w3g6c",
      "scrollTop": 301,
      "startId": "20241016190345-97k6sci"
    },
    "20241015145742-drnxewy": {
      "endId": "20241203103744-9q0aq7s",
      "focusEnd": 0,
      "focusId": "20241203103744-9q0aq7s",
      "focusStart": 0,
      "rootId": "20241015145742-drnxewy",
      "scrollTop": 9870,
      "startId": "20241015145742-wbkr3uj"
    },
    "20241016182359-zng92ng": {
      "endId": "20241113190003-x0gpgsk",
      "focusEnd": 14,
      "focusId": "20241016184017-vipm1r4",
      "focusStart": 14,
      "rootId": "20241016182359-zng92ng",
      "scrollTop": 6426.66650390625,
      "startId": "20241016182627-iut2pmw"
    },
    "20241016195923-fct9yed": {
      "endId": "20241016195931-ctzvlon",
      "rootId": "20241016195923-fct9yed",
      "scrollTop": 0,
      "startId": "20241016195931-qy3dl0o"
    },
    "20241016200447-o5oj15s": {
      "endId": "20241024200314-gc484e4",
      "rootId": "20241016200447-o5oj15s",
      "scrollTop": 0,
      "startId": "20241016200447-0gurk37"
    },
    "20241017164755-zy87ju9": {
      "endId": "20241017164755-gst1ieu",
      "rootId": "20241017164755-zy87ju9",
      "scrollTop": 0,
      "startId": "20241017164755-gst1ieu"
    },
    "20241017195929-6w9qspf": {
      "endId": "20241022194423-rhyxk0r",
      "rootId": "20241017195929-6w9qspf",
      "scrollTop": 8233,
      "startId": "20241017195929-aa72z8d"
    },
    "20241021182642-12g1dfs": {
      "endId": "20241021185609-x1rijx9",
      "rootId": "20241021182642-12g1dfs",
      "scrollTop": 0,
      "startId": "20241021182733-dw6dvqi"
    },
    "20241021191950-v3t9mv7": {
      "endId": "20241021205122-ihavtao",
      "rootId": "20241021191950-v3t9mv7",
      "scrollTop": 0,
      "startId": "20241021191950-n9jxas4"
    },
    "20241022194428-2mqkpus": {
      "endId": "20241022205329-dfi4nf5",
      "rootId": "20241022194428-2mqkpus",
      "scrollTop": 2200,
      "startId": "20241022194428-e5tfpk3"
    },
    "20241023115812-6la8nsm": {
      "endId": "20241027100154-pvjn358",
      "rootId": "20241023115812-6la8nsm",
      "scrollTop": 7536,
      "startId": "20241023115812-eltmrjc"
    },
    "20241024191145-decpkzf": {
      "endId": "20241107185837-v2lzyuv",
      "rootId": "20241024191145-decpkzf",
      "scrollTop": 3904,
      "startId": "20241024191145-35bk5pi"
    },
    "20241028185019-ut0c0uu": {
      "endId": "20241102142000-bihpyv9",
      "focusEnd": 1216,
      "focusId": "20241102142000-bihpyv9",
      "focusStart": 1216,
      "rootId": "20241028185019-ut0c0uu",
      "scrollTop": 12750,
      "startId": "20241029091443-d9dam7a"
    },
    "20241029102758-xwpmdlh": {
      "endId": "20241029105502-lxu4i1d",
      "rootId": "20241029102758-xwpmdlh",
      "scrollTop": 600,
      "startId": "20241029102758-x9s0k8e"
    },
    "20241029105616-fw1avem": {
      "endId": "20241111225953-yvzdppw",
      "rootId": "20241029105616-fw1avem",
      "scrollTop": 1710,
      "startId": "20241111224702-x4k9c0d"
    },
    "20241105121853-rd313eb": {
      "endId": "20241112160719-cuw7kci",
      "rootId": "20241105121853-rd313eb",
      "scrollTop": 144,
      "startId": "20241105121853-3k397qb"
    },
    "20241105170411-oon4hq5": {
      "endId": "20241107200523-maqi2ia",
      "rootId": "20241105170411-oon4hq5",
      "scrollTop": 675.3333129882812,
      "startId": "20241105170458-v4q5749"
    },
    "20241106104108-5btg90n": {
      "endId": "20241106104301-awq7nla",
      "rootId": "20241106104108-5btg90n",
      "scrollTop": 0,
      "startId": "20241106104258-pzrtqkw"
    },
    "20241106114129-fk87wex": {
      "endId": "20241106114155-8whje91",
      "focusEnd": 0,
      "focusId": "20241106114147-6np47vs",
      "focusStart": 0,
      "rootId": "20241106114129-fk87wex",
      "scrollTop": 0,
      "startId": "20241106114147-34tbksx"
    },
    "20241106115847-ghabs8g": {
      "endId": "20241112160056-m4rl532",
      "focusEnd": 3,
      "focusId": "20241112160056-70jyjli",
      "focusStart": 3,
      "rootId": "20241106115847-ghabs8g",
      "scrollTop": 1200,
      "startId": "20241112155636-wn8uxwt"
    },
    "20241107083144-731zac4": {
      "endId": "20241107083532-lalorwx",
      "focusEnd": 3,
      "focusId": "20241107083532-lalorwx",
      "focusStart": 3,
      "rootId": "20241107083144-731zac4",
      "scrollTop": 200,
      "startId": "20241107083529-8f7784i"
    },
    "20241107084321-cb6qxmz": {
      "endId": "20241107173804-dlplqpf",
      "focusEnd": 0,
      "focusId": "20241107084351-727ur51",
      "focusStart": 0,
      "rootId": "20241107084321-cb6qxmz",
      "scrollTop": 700,
      "startId": "20241107084351-727ur51"
    },
    "20241107193146-3v17kyk": {
      "endId": "20241107193146-gkqh5mb",
      "focusEnd": 19,
      "focusId": "20241107194849-1jblup1",
      "focusStart": 19,
      "rootId": "20241107193146-3v17kyk",
      "scrollTop": 0,
      "startId": "20241107193146-gkqh5mb"
    },
    "20241111191337-64g6czi": {
      "endId": "20241111202626-i18lty1",
      "rootId": "20241111191337-64g6czi",
      "scrollTop": 2400,
      "startId": "20241111191337-h1qqz7i"
    },
    "20241112100443-wp5gmp5": {
      "endId": "20241112162010-zwno22o",
      "focusEnd": 0,
      "focusId": "20241112162010-jvqi80r",
      "focusStart": 0,
      "rootId": "20241112100443-wp5gmp5",
      "scrollTop": 0,
      "startId": "20241112162010-l5xih5k"
    },
    "20241112190600-7n136rr": {
      "endId": "20241112190658-lohylyv",
      "rootId": "20241112190600-7n136rr",
      "scrollTop": 0,
      "startId": "20241112190628-ze8u9mz"
    },
    "20241112200613-vxt2irp": {
      "endId": "20241113203628-nnyanev",
      "focusEnd": 16,
      "focusId": "20241113203628-nnyanev",
      "focusStart": 16,
      "rootId": "20241112200613-vxt2irp",
      "scrollTop": 7644,
      "startId": "20241112200613-p6cthy9"
    },
    "20241114183404-3mchwrr": {
      "endId": "20241118204603-g3cbien",
      "focusEnd": 1,
      "focusId": "20241119184207-7uomaoy",
      "focusStart": 1,
      "rootId": "20241114183404-3mchwrr",
      "scrollTop": 1782,
      "startId": "20241114183610-qcropbu"
    },
    "20241118203759-yy2su9l": {
      "endId": "20241118203759-8laugg3",
      "rootId": "20241118203759-yy2su9l",
      "scrollTop": 0,
      "startId": "20241118203759-8laugg3"
    },
    "20241119190840-9827zif": {
      "endId": "20241125204341-eovajp3",
      "focusEnd": 0,
      "focusId": "20241125200954-m8pva9o",
      "focusStart": 0,
      "rootId": "20241119190840-9827zif",
      "scrollTop": 0,
      "startId": "20241119190840-z4j6qbf"
    },
    "20241126082821-bhli0cg": {
      "endId": "20241128091334-i2j0vh4",
      "focusEnd": 177,
      "focusId": "20241128082939-rbf8m4l",
      "focusStart": 177,
      "rootId": "20241126082821-bhli0cg",
      "scrollTop": 9732,
      "startId": "20241126082821-5stqu6t"
    },
    "20241204155109-ndeheb7": {
      "endId": "20241204155109-l8lujr9",
      "focusEnd": 0,
      "focusId": "20241204155109-l8lujr9",
      "focusStart": 0,
      "rootId": "20241204155109-ndeheb7",
      "scrollTop": 0,
      "startId": "20241204155109-l8lujr9"
    }
  },
  "local-filespaths": [
    {
      "notebookId": "20241204155104-yi099ti",
      "openPaths": [
        "/20241204155109-ndeheb7.sy"
      ]
    }
  ],
  "local-fontstyles": [
    "clear​undefined",
    "backgroundColor​var(--b3-font-background9)",
    "style4​undefined",
    "style2​undefined",
    "color​var(--b3-font-color12)",
    "backgroundColor​var(--b3-font-background13)"
  ],
  "local-plugin-docks": {
    "siyuan-plugin-publisher": {}
  },
  "local-searchdata": {
    "group": 0,
    "hPath": "",
    "hasReplace": false,
    "idPath": [],
    "k": "strcmp",
    "method": 0,
    "page": 1,
    "r": "",
    "removed": true,
    "replaceTypes": {
      "aHref": false,
      "aText": true,
      "aTitle": true,
      "blockRef": false,
      "code": false,
      "codeBlock": false,
      "docTitle": true,
      "em": true,
      "fileAnnotationRef": false,
      "htmlBlock": false,
      "imgSrc": false,
      "imgText": true,
      "imgTitle": true,
      "inlineMath": false,
      "inlineMemo": true,
      "kbd": true,
      "mark": true,
      "mathBlock": false,
      "s": true,
      "strong": true,
      "sub": true,
      "sup": true,
      "tag": true,
      "text": true,
      "u": true
    },
    "sort": 0,
    "types": {
      "audioBlock": false,
      "blockquote": false,
      "codeBlock": true,
      "databaseBlock": true,
      "document": true,
      "embedBlock": false,
      "heading": true,
      "htmlBlock": true,
      "iframeBlock": false,
      "list": false,
      "listItem": false,
      "mathBlock": true,
      "paragraph": true,
      "superBlock": false,
      "table": true,
      "videoBlock": false,
      "widgetBlock": false
    }
  },
  "local-searchkeys": {
    "col": "",
    "colTab": "",
    "keys": [
      "strcmp",
      "strc",
      "typedef",
      "",
      "*(",
      "无符号",
      "strlen",
      "自定义",
      "设计",
      "unsigned char",
      "整型提升",
      "高",
      "assert",
      "get",
      "全局变量",
      "结构体",
      "gets",
      "解引用",
      "算数转换",
      "字符串",
      "int",
      "字节",
      "链式访问",
      "const",
      "sta",
      "关键字",
      "strcpy",
      "str",
      "栈区",
      "算数",
      "sizeof",
      "绝对值",
      "sc",
      "scanf",
      "整形",
      "fa",
      "逗号",
      "单目",
      "break",
      "数组传参"
    ],
    "layout": 0,
    "layoutTab": 0,
    "replaceKeys": [],
    "row": "",
    "rowTab": ""
  }
}