{"siyuan-cfg":"{\"home\":\"http://127.0.0.1:6806\",\"apiUrl\":\"http://127.0.0.1:6037\",\"username\":\"\",\"passwordType\":1,\"password\":\"\",\"blogid\":\"\",\"blogName\":\"\",\"posidKey\":\"\",\"previewUrl\":\"siyuan://blocks/[postid]\",\"previewPostUrl\":\"\",\"pageType\":\"markdown\",\"placeholder\":{\"homePlaceholder\":\"\",\"apiUrlPlaceholder\":\"\",\"usernamePlaceholder\":\"\",\"passwordTypePlaceholder\":\"\",\"passwordPlaceholder\":\"\",\"apiStatusPlaceholder\":\"\",\"blogNamePlaceholder\":\"\",\"posidKeyPlaceholder\":\"\",\"previewUrlPlaceholder\":\"\",\"pageTypePlaceholder\":\"\",\"knowledgeSpaceReadonlyModeTip\":\"\",\"cateReadonlyModeTip\":\"\"},\"preferenceConfig\":{\"fixTitle\":false,\"keepTitle\":false,\"removeFirstH1\":false,\"removeMdWidgetTag\":false,\"outlineEnable\":false,\"outlineLevel\":3,\"docTreeEnable\":false,\"docTreeLevel\":3},\"middlewareUrl\":\"https://api.terwer.space/api/middleware\",\"corsAnywhereUrl\":\"\",\"corsCookieArray\":[],\"usernameEnabled\":false,\"allowPreviewUrlChange\":true,\"showTokenTip\":false,\"knowledgeSpaceEnabled\":false,\"knowledgeSpaceTitle\":\"知识库\",\"knowledgeSpaceType\":\"none\",\"allowKnowledgeSpaceChange\":false,\"descEnabled\":false,\"tagEnabled\":false,\"cateEnabled\":false,\"allowCateChange\":false,\"cateTitle\":\"文章分类\",\"categoryType\":\"none\",\"yamlLinkEnabled\":true,\"tagSlugEnabled\":false,\"useMdFilename\":false,\"usePathCategory\":false,\"cateSearchEnabled\":false,\"picgoPicbedSupported\":false,\"bundledPicbedSupported\":false,\"imageStorePath\":\"images\",\"picbedService\":\"none\",\"forceProxy\":false,\"dynYamlCfg\":\"{}\",\"cookie\":\"\",\"notebook\":\"\",\"picgoUploadTimeout\":10000}"}