{"spec":0,"id":"20240208155918-uylgwbj","name":"书籍","keyValues":[{"key":{"id":"20240208155918-gex3vhc","name":"书名","type":"block","icon":"","numberFormat":"","template":""},"values":[{"id":"20240208155932-xyjs1na","keyID":"20240208155918-gex3vhc","blockID":"20240208155931-cr0e00b","type":"block","isDetached":true,"block":{"id":"20240208155931-cr0e00b","content":"三体","created":1707379172031,"updated":1707379343663}},{"id":"20240208160855-dprfuou","keyID":"20240208155918-gex3vhc","blockID":"20240208160855-iv1fsnu","type":"block","isDetached":true,"block":{"id":"20240208160855-iv1fsnu","content":"海底两万里","created":1707379735892,"updated":1707379740371}},{"id":"20240208161626-uf7d76h","keyID":"20240208155918-gex3vhc","blockID":"20240208161625-9lg8l80","type":"block","isDetached":true,"block":{"id":"20240208161625-9lg8l80","content":"流浪地球","created":1707380186247,"updated":1707380195276}}]},{"key":{"id":"20240208160021-bpcl3hm","name":"类型","type":"mSelect","icon":"","options":[{"name":"科幻","color":"1"}],"numberFormat":"","template":""},"values":[{"id":"20240208160028-f4uigat","keyID":"20240208160021-bpcl3hm","blockID":"20240208155931-cr0e00b","type":"mSelect","mSelect":[{"content":"科幻","color":"1"}]},{"id":"20240208160858-axa88h3","keyID":"20240208160021-bpcl3hm","blockID":"20240208160855-iv1fsnu","type":"mSelect","mSelect":[{"content":"科幻","color":"1"}]},{"id":"20240208161630-tp8vak1","keyID":"20240208160021-bpcl3hm","blockID":"20240208161625-9lg8l80","type":"mSelect","mSelect":[{"content":"科幻","color":"1"}]}]},{"key":{"id":"20240208160313-c1j9gn3","name":"作者","type":"relation","icon":"","numberFormat":"","template":"","relation":{"avID":"20240208155809-en6nazm","isTwoWay":true,"backKeyID":"20240208160305-zpea2hv"}},"values":[{"id":"20240208160316-j6pqk28","keyID":"20240208160313-c1j9gn3","blockID":"20240208155931-cr0e00b","type":"relation","relation":{"contents":null,"blockIDs":["20240208155900-dsz2mbr"]}},{"id":"20240208160945-x1simpg","keyID":"20240208160313-c1j9gn3","blockID":"20240208160855-iv1fsnu","type":"relation","relation":{"contents":null,"blockIDs":["20240208160902-bv0t5ug"]}},{"id":"20240208161631-u5xx0av","keyID":"20240208160313-c1j9gn3","blockID":"20240208161625-9lg8l80","type":"relation","relation":{"contents":null,"blockIDs":["20240208155900-dsz2mbr"]}}]}],"viewID":"20240208155918-7wjzu7p","views":[{"id":"20240208155918-7wjzu7p","icon":"","name":"表格","type":"table","table":{"spec":0,"id":"20240208155918-j5lys77","columns":[{"id":"20240208155918-gex3vhc","wrap":false,"hidden":false,"pin":false,"width":""},{"id":"20240208160021-bpcl3hm","wrap":false,"hidden":false,"pin":false,"width":""},{"id":"20240208160313-c1j9gn3","wrap":false,"hidden":false,"pin":false,"width":""}],"rowIds":["20240208160855-iv1fsnu","20240208155931-cr0e00b","20240208161625-9lg8l80"],"filters":[],"sorts":[],"pageSize":50}}]}